,credit_amount,duration,actual_bad_credit,p_bad,predicted_bad_credit
30,1913,18,0,0.23569732904434204,0
128,1860,12,0,0.13254597783088684,0
289,1024,24,1,0.6869138479232788,1
216,3104,18,0,0.545914888381958,1
966,2520,27,1,0.2072986513376236,0
346,882,13,0,0.2630244791507721,0
537,3612,18,0,0.24915742874145508,0
47,1352,6,0,0.18946518003940582,0
112,6260,18,0,0.421936571598053,0
875,1322,11,0,0.14913295209407806,0
46,2299,36,0,0.06369946151971817,0
668,4843,12,1,0.3834846019744873,0
234,1544,4,0,0.004224019590765238,0
724,2570,27,1,0.33042484521865845,0
761,2124,18,1,0.42033129930496216,0
430,3448,5,0,0.04557696729898453,0
187,1175,16,0,0.32031694054603577,0
259,1154,11,0,0.05338397994637489,0
571,5954,30,0,0.08179346472024918,0
681,2279,12,0,0.06764054298400879,0
514,2255,24,0,0.1730802357196808,0
877,3595,36,0,0.13275718688964844,0
412,2292,12,1,0.11162655800580978,0
570,3234,24,1,0.6848335266113281,1
801,1795,18,0,0.32195860147476196,0
779,3872,18,0,0.4103459119796753,0
159,1898,6,0,0.005066113080829382,0
562,683,6,0,0.3363441228866577,0
683,5103,24,0,0.23554638028144836,0
85,1412,12,0,0.07270941883325577,0
551,1750,6,0,0.1154521256685257,0
329,1068,6,0,0.19698402285575867,0
122,1768,12,0,0.16716361045837402,0
887,15672,48,1,0.7164038419723511,1
671,5742,36,0,0.1401153802871704,0
678,2384,24,0,0.6390358805656433,1
338,4169,24,0,0.5294193625450134,1
11,4308,48,1,0.8232432007789612,1
21,2647,6,0,0.08683392405509949,0
818,15857,36,0,0.7804068326950073,1
858,3959,15,1,0.4964160919189453,0
273,3060,48,1,0.43414929509162903,0
317,4351,24,0,0.2346893846988678,0
373,13756,60,0,0.3174818754196167,0
729,1275,24,0,0.1341220587491989,0
933,522,12,0,0.030123336240649223,0
831,1216,18,1,0.7881336212158203,1
739,4280,30,1,0.6417856216430664,1
277,1262,12,0,0.244124636054039,0
435,1484,12,1,0.09568249434232712,0
6,2835,24,0,0.06005173921585083,0
276,2404,18,0,0.04787207767367363,0
330,6615,24,0,0.26347702741622925,0
1,5951,48,1,0.543003499507904,1
166,1131,18,1,0.7051362991333008,1
796,7511,18,1,0.17868395149707794,0
473,1238,6,0,0.0651063323020935,0
138,2728,15,0,0.11217483878135681,0
199,4297,18,1,0.5854323506355286,1
840,5179,36,1,0.6201746463775635,1
936,745,9,1,0.17913958430290222,0
853,1442,18,1,0.7935900092124939,1
43,6187,30,0,0.3236466944217682,0
431,11328,24,1,0.6460965871810913,1
647,1386,12,1,0.10369929671287537,0
383,1330,12,0,0.36490947008132935,0
803,976,12,0,0.01696692779660225,0
817,1554,6,0,0.016409004107117653,0
915,18424,48,1,0.7266957759857178,1
141,4795,36,0,0.7324007153511047,1
236,14555,6,1,0.42731142044067383,0
944,1845,15,0,0.5121796727180481,1
433,2058,24,0,0.14044958353042603,0
463,754,12,0,0.1786240190267563,0
931,1670,9,1,0.3159361779689789,0
506,2360,15,0,0.03415369614958763,0
799,1549,9,0,0.20373636484146118,0
228,1478,9,1,0.04500870034098625,0
235,1823,24,1,0.6555992364883423,1
608,2051,18,0,0.13327550888061523,0
528,2302,36,1,0.7559778690338135,1
682,1478,15,0,0.1974608302116394,0
653,8086,36,1,0.4198097586631775,0
532,1503,12,0,0.09177739918231964,0
171,763,12,0,0.13133111596107483,0
665,6314,24,0,0.3813895583152771,0
524,1113,18,0,0.3008604347705841,0
379,362,6,0,0.06340345740318298,0
548,626,12,1,0.5995708703994751,1
541,2032,24,0,0.31203076243400574,0
938,6288,60,1,0.7339749932289124,1
337,1275,15,1,0.49923476576805115,0
663,1050,6,0,0.318561315536499,0
854,10875,36,0,0.3981068730354309,0
308,1237,8,1,0.2318950891494751,0
662,2241,21,0,0.12927454710006714,0
832,11816,45,1,0.805751383304596,1
192,3915,27,1,0.3743043541908264,0
804,7472,12,0,0.3677752912044525,0
282,1445,18,0,0.27684372663497925,0
115,3578,48,0,0.02788972109556198,0
372,2146,10,0,0.10509587079286575,0
856,894,10,0,0.04362297058105469,0
844,3422,18,0,0.23309163749217987,0
715,7596,30,0,0.0277399979531765,0
83,1755,24,0,0.4330446422100067,0
845,3976,21,0,0.10504196584224701,0
709,2118,9,0,0.12080511450767517,0
38,1225,10,0,0.1646093726158142,0
598,2775,18,1,0.1913398653268814,0
304,10127,48,1,0.3058050274848938,0
190,4591,24,1,0.10155698657035828,0
658,4221,30,0,0.5573529601097107,1
219,1364,10,0,0.07956778258085251,0
717,1505,18,0,0.13839899003505707,0
89,1108,12,1,0.5238804221153259,1
194,3031,45,1,0.5119788646697998,1
133,1984,18,0,0.40484619140625,0
455,2679,24,0,0.2237534523010254,0
664,1047,6,0,0.17730872333049774,0
793,2892,24,0,0.4621691107749939,0
129,3499,12,1,0.2721559703350067,0
142,3416,27,0,0.48393315076828003,0
657,10222,48,0,0.19496849179267883,0
477,5152,24,0,0.3375444710254669,0
806,590,6,0,0.12377945333719254,0
698,1800,18,0,0.0580374151468277,0
620,3652,21,0,0.15557661652565002,0
347,3758,24,0,0.4216838479042053,0
257,2149,12,1,0.6496378779411316,1
70,8133,36,0,0.3045234680175781,0
404,2899,18,0,0.2653545141220093,0
395,11760,39,0,0.5633102655410767,1
221,1200,12,0,0.6007498502731323,1
594,1358,24,1,0.41892799735069275,0
751,976,18,1,0.7330114841461182,1
794,3062,24,0,0.1365155279636383,0
800,1597,24,0,0.27450910210609436,0
802,4272,20,0,0.3337618410587311,0
587,1289,12,0,0.29041895270347595,0
465,2924,24,0,0.4459839463233948,0
953,10974,36,1,0.620501697063446,1
772,3275,21,0,0.015501189976930618,0
890,2442,27,0,0.4114333391189575,0
691,2631,15,0,0.32147327065467834,0
510,759,12,1,0.4514692723751068,0
544,1255,12,0,0.03908078745007515,0
523,3488,24,0,0.07204096019268036,0
791,6313,24,0,0.029052764177322388,0
485,1209,6,1,0.2933034598827362,0
941,1546,10,0,0.043049585074186325,0
947,2859,12,0,0.1267228126525879,0
220,625,12,0,0.36839067935943604,0
696,1103,12,0,0.11229119449853897,0
746,2511,15,0,0.5747413635253906,1
107,6078,12,0,0.34515419602394104,0
996,3857,30,0,0.44642966985702515,0
921,12749,48,0,0.21695542335510254,0
263,2748,12,0,0.27667781710624695,0
13,1199,24,1,0.409120112657547,0
375,7685,48,1,0.7088847756385803,1
974,2831,30,0,0.08226311206817627,0
998,1845,45,1,0.6847567558288574,1
283,1520,15,0,0.024035824462771416,0
134,10144,60,0,0.29907456040382385,0
78,9436,54,0,0.17006543278694153,0
336,2101,13,0,0.331765741109848,0
353,6199,12,1,0.6265453696250916,1
182,1647,21,1,0.5816495418548584,1
297,1287,10,0,0.07593785226345062,0
563,12389,36,1,0.4257271885871887,0
534,3105,24,0,0.1891471892595291,0
167,1577,11,0,0.2083721160888672,0
2,2096,12,0,0.05977146700024605,0
28,2415,7,0,0.027322981506586075,0
993,3959,36,0,0.6787934303283691,1
860,5804,24,0,0.028320083394646645,0
178,1963,12,0,0.11111245304346085,0
788,6224,48,1,0.6643046736717224,1
293,4796,42,0,0.29282721877098083,0
296,4675,12,0,0.08010444790124893,0
261,1603,24,0,0.5016025900840759,1
699,1905,15,0,0.35724034905433655,0
229,3149,24,0,0.7134007811546326,1
992,1936,18,0,0.4017391502857208,0
917,14896,6,1,0.7458231449127197,1
677,5595,72,1,0.5684385299682617,1
725,250,6,0,0.0666230097413063,0
848,1364,9,0,0.14880317449569702,0
742,3160,21,0,0.03111127018928528,0
64,3181,24,0,0.22396469116210938,0
355,1246,24,1,0.6682714819908142,1
22,2241,10,0,0.11197169125080109,0
579,937,24,0,0.37164634466171265,0
96,2012,12,0,0.05521136522293091,0
522,7119,48,1,0.8143057823181152,1
977,2427,18,0,0.1556284874677658,0
52,1262,12,0,0.07630166411399841,0
542,6350,30,1,0.39115095138549805,0
423,1591,21,0,0.1259080469608307,0
