record_id,feature,old_value,new_value,relative_reduction,repeats,original_high_risk_count,modified_low_risk_count,retained_flip_count,mean_original_p,mean_modified_p,retained_flip_rate,conditional_flip_rate
1,duration,48.0,42.0,0.125,10,8,7,5,0.5295865803956985,0.4741590738296509,0.5,0.625
89,duration,12.0,11.0,0.08333333333333333,10,6,8,4,0.5235835582017898,0.46154908239841463,0.4,0.6666666666666666
166,duration,18.0,8.0,0.5555555555555556,10,10,5,5,0.688104909658432,0.49424287378787995,0.5,0.5
182,duration,21.0,13.0,0.38095238095238093,10,8,7,5,0.540845713019371,0.45988324880599973,0.5,0.625
194,duration,45.0,40.0,0.1111111111111111,10,5,7,2,0.49523918330669403,0.47712705135345457,0.2,0.4
216,duration,18.0,15.0,0.16666666666666666,10,7,6,3,0.5297954350709915,0.48174176514148714,0.3,0.42857142857142855
221,duration,12.0,7.0,0.4166666666666667,10,10,3,3,0.6251435101032257,0.539725947380066,0.3,0.3
235,duration,24.0,11.0,0.5416666666666666,10,10,6,6,0.635601383447647,0.470790696144104,0.6,0.6
261,duration,24.0,22.0,0.08333333333333333,10,7,7,4,0.5294853985309601,0.47279069423675535,0.4,0.5714285714285714
289,duration,24.0,11.0,0.5416666666666666,10,10,7,7,0.6371837079524993,0.4620702534914017,0.7,0.7
338,duration,24.0,22.0,0.08333333333333333,10,6,9,5,0.5067554324865341,0.46184059977531433,0.5,0.8333333333333334
355,duration,24.0,11.0,0.5416666666666666,10,10,6,6,0.6447488129138946,0.4789708018302917,0.6,0.6
395,credit_amount,11760.0,9408.0,0.2,10,9,4,3,0.5653137564659119,0.5108070522546768,0.3,0.3333333333333333
431,credit_amount,11328.0,6797.0,0.3999823446327684,10,10,6,6,0.5940893292427063,0.48104879558086394,0.6,0.6
528,duration,36.0,15.0,0.5833333333333334,10,10,3,3,0.7574004352092742,0.5486556738615036,0.3,0.3
548,duration,12.0,8.0,0.3333333333333333,10,10,5,5,0.5978066086769104,0.49410045742988584,0.5,0.5
570,duration,24.0,11.0,0.5416666666666666,10,10,7,7,0.6639170706272125,0.48865240812301636,0.7,0.7
658,duration,30.0,15.0,0.5,10,9,6,5,0.5415112137794494,0.46438015103340147,0.5,0.5555555555555556
677,duration,72.0,47.0,0.3472222222222222,10,8,6,4,0.5698478132486343,0.4712315797805786,0.4,0.5
678,duration,24.0,14.0,0.4166666666666667,10,10,2,2,0.6571011662483215,0.5392956912517548,0.2,0.2
746,duration,15.0,11.0,0.26666666666666666,10,10,1,1,0.6319973587989807,0.56355060338974,0.1,0.1
751,duration,18.0,4.0,0.7777777777777778,10,10,7,7,0.7145224452018738,0.46469973027706146,0.7,0.7
840,duration,36.0,22.0,0.3888888888888889,10,10,10,10,0.5851056158542634,0.45389209389686586,1.0,1.0
887,credit_amount,15672.0,6269.0,0.5999872383869321,10,10,6,6,0.676427698135376,0.4916947692632675,0.6,0.6
917,credit_amount,14896.0,3724.0,0.75,10,10,7,7,0.6914238452911377,0.46636792421340945,0.7,0.7
944,duration,15.0,13.0,0.13333333333333333,10,8,4,2,0.5399618268013,0.5191611319780349,0.2,0.25
953,credit_amount,10974.0,2744.0,0.7499544377619829,10,9,9,8,0.5570706486701965,0.42541141510009767,0.8,0.8888888888888888
993,duration,36.0,15.0,0.5833333333333334,10,10,6,6,0.6466361880302429,0.4719358950853348,0.6,0.6
998,duration,45.0,15.0,0.6666666666666666,10,10,7,7,0.6661516726016998,0.4804923087358475,0.7,0.7
