,repeat,record_id,original_p_bad,modified_p_bad,original_high_risk,modified_low_risk,retained_flip
0,1,1,0.5739749670028687,0.4765309989452362,True,True,True
1,1,89,0.5481722950935364,0.4674077332019806,True,True,True
2,1,166,0.6186355352401733,0.3684079051017761,True,True,True
3,1,182,0.537489652633667,0.4204505980014801,True,True,True
4,1,194,0.49095064401626587,0.4603317975997925,False,True,False
5,1,216,0.45225298404693604,0.375118613243103,False,True,False
6,1,221,0.5420966148376465,0.4015238881111145,True,True,True
7,1,235,0.5941728949546814,0.3394005000591278,True,True,True
8,1,261,0.4712219834327698,0.40112483501434326,False,True,False
9,1,289,0.6539516448974609,0.393310546875,True,True,True
10,1,338,0.4668450355529785,0.40891993045806885,False,True,False
11,1,355,0.7078854441642761,0.47845667600631714,True,True,True
12,1,395,0.6463429927825928,0.6046132445335388,True,False,False
13,1,431,0.6204041838645935,0.5054795145988464,True,False,False
14,1,528,0.7317759990692139,0.44733643531799316,True,True,True
15,1,548,0.5320858955383301,0.3734736144542694,True,True,True
16,1,570,0.6461578011512756,0.4053586423397064,True,True,True
17,1,658,0.556778073310852,0.4196853041648865,True,True,True
18,1,677,0.6320631504058838,0.4864029586315155,True,True,True
19,1,678,0.6828612089157104,0.5014042854309082,True,False,False
20,1,746,0.5787612795829773,0.48176831007003784,True,True,True
21,1,751,0.7161867618560791,0.3822054862976074,True,True,True
22,1,840,0.5430449843406677,0.3919667601585388,True,True,True
23,1,887,0.6087450385093689,0.4852589964866638,True,True,True
24,1,917,0.6685824394226074,0.4256253242492676,True,True,True
25,1,944,0.5383806824684143,0.49905186891555786,True,True,True
26,1,953,0.5263502597808838,0.46604791283607483,True,True,True
27,1,993,0.5901545882225037,0.36682236194610596,True,True,True
28,1,998,0.681554913520813,0.4083443582057953,True,True,True
29,2,1,0.5677667856216431,0.5278632640838623,True,False,False
30,2,89,0.5652802586555481,0.5060261487960815,True,False,False
31,2,166,0.6576946973800659,0.4847705364227295,True,True,True
32,2,182,0.521024227142334,0.47055190801620483,True,True,True
33,2,194,0.5133672952651978,0.4919593632221222,True,True,True
34,2,216,0.5783256888389587,0.549150824546814,True,False,False
35,2,221,0.5645240545272827,0.4958810806274414,True,True,True
36,2,235,0.624083399772644,0.47064366936683655,True,True,True
37,2,261,0.5786744356155396,0.518202006816864,True,False,False
38,2,289,0.6562068462371826,0.5113098621368408,True,False,False
39,2,338,0.5245341062545776,0.47482597827911377,True,True,True
40,2,355,0.5703746676445007,0.4050815999507904,True,True,True
41,2,395,0.6254045367240906,0.579225480556488,True,False,False
42,2,431,0.6097844839096069,0.47079429030418396,True,True,True
43,2,528,0.7674422860145569,0.58041912317276,True,False,False
44,2,548,0.6029756665229797,0.510283350944519,True,False,False
45,2,570,0.6534016728401184,0.48309361934661865,True,True,True
46,2,658,0.5715965032577515,0.5219720602035522,True,False,False
47,2,677,0.5615918636322021,0.4929046332836151,True,True,True
48,2,678,0.7408956289291382,0.6407058835029602,True,False,False
49,2,746,0.597111701965332,0.5304898619651794,True,False,False
50,2,751,0.68096923828125,0.40374287962913513,True,True,True
51,2,840,0.6006725430488586,0.4902229607105255,True,True,True
52,2,887,0.7366381287574768,0.5282604694366455,True,False,False
53,2,917,0.7796241044998169,0.5125865936279297,True,False,False
54,2,944,0.5422530174255371,0.5141156315803528,True,False,False
55,2,953,0.5286548733711243,0.32338470220565796,True,True,True
56,2,993,0.5664048790931702,0.40798506140708923,True,True,True
57,2,998,0.6105560064315796,0.3831636607646942,True,True,True
58,3,1,0.5608338117599487,0.508316695690155,True,False,False
59,3,89,0.5254242420196533,0.44280993938446045,True,True,True
60,3,166,0.7594106793403625,0.5546190142631531,True,False,False
61,3,182,0.4933475852012634,0.4165477156639099,False,True,False
62,3,194,0.3973848521709442,0.3862699568271637,False,True,False
63,3,216,0.43544360995292664,0.3842579126358032,False,True,False
64,3,221,0.6157225370407104,0.5133436322212219,True,False,False
65,3,235,0.676105260848999,0.5173500180244446,True,False,False
66,3,261,0.630718469619751,0.5751935243606567,True,False,False
67,3,289,0.728904664516449,0.547438383102417,True,False,False
68,3,338,0.48751622438430786,0.465286523103714,False,True,False
69,3,355,0.6787132620811462,0.5160634517669678,True,False,False
70,3,395,0.5099650621414185,0.4693816602230072,True,True,True
71,3,431,0.5878342390060425,0.5238741040229797,True,False,False
72,3,528,0.7387475967407227,0.5851011276245117,True,False,False
73,3,548,0.6318596601486206,0.5224764347076416,True,False,False
74,3,570,0.680214524269104,0.4957273602485657,True,True,True
75,3,658,0.52777099609375,0.4195100963115692,True,True,True
76,3,677,0.5319987535476685,0.4508063495159149,True,True,True
77,3,678,0.7208691835403442,0.6345620155334473,True,False,False
78,3,746,0.6351751089096069,0.5575304627418518,True,False,False
79,3,751,0.7165027856826782,0.4710693061351776,True,True,True
80,3,840,0.5222058892250061,0.42946022748947144,True,True,True
81,3,887,0.5967843532562256,0.42369043827056885,True,True,True
82,3,917,0.7234541177749634,0.5639453530311584,True,False,False
83,3,944,0.513427734375,0.5055863857269287,True,False,False
84,3,953,0.6005029678344727,0.4954398572444916,True,True,True
85,3,993,0.6235315203666687,0.48254281282424927,True,True,True
86,3,998,0.5944401025772095,0.4688376188278198,True,True,True
87,4,1,0.4493071138858795,0.4265403151512146,False,True,False
88,4,89,0.43748313188552856,0.39257195591926575,False,True,False
89,4,166,0.663777768611908,0.5307822823524475,True,False,False
90,4,182,0.5718297362327576,0.5222899913787842,True,False,False
91,4,194,0.49262985587120056,0.4866807758808136,False,True,False
92,4,216,0.5433515906333923,0.5184198021888733,True,False,False
93,4,221,0.6112245321273804,0.5548721551895142,True,False,False
94,4,235,0.6397100687026978,0.5504523515701294,True,False,False
95,4,261,0.5222191214561462,0.4863893985748291,True,True,True
96,4,289,0.6330147981643677,0.5282602310180664,True,False,False
97,4,338,0.594524621963501,0.565045952796936,True,False,False
98,4,355,0.6528115272521973,0.5561783909797668,True,False,False
99,4,395,0.39167988300323486,0.3560628294944763,False,True,False
100,4,431,0.5290374755859375,0.4704139232635498,True,True,True
101,4,528,0.7497103810310364,0.6246334314346313,True,False,False
102,4,548,0.6429632902145386,0.5780751705169678,True,False,False
103,4,570,0.7151879668235779,0.5724402070045471,True,False,False
104,4,658,0.5048828125,0.4697869122028351,True,True,True
105,4,677,0.4479101598262787,0.3804931640625,False,True,False
106,4,678,0.63909912109375,0.5520139932632446,True,False,False
107,4,746,0.5593436360359192,0.5131688117980957,True,False,False
108,4,751,0.6198364496231079,0.45970025658607483,True,True,True
109,4,840,0.5750382542610168,0.48814454674720764,True,True,True
110,4,887,0.570068359375,0.45133841037750244,True,True,True
111,4,917,0.6062009334564209,0.45550599694252014,True,True,True
112,4,944,0.5958677530288696,0.5755010843276978,True,False,False
113,4,953,0.5037069320678711,0.3779095411300659,True,True,True
114,4,993,0.6729749441146851,0.5527055263519287,True,False,False
115,4,998,0.6782628297805786,0.6013169884681702,True,False,False
116,5,1,0.4397020936012268,0.39135709404945374,False,True,False
117,5,89,0.4978967308998108,0.4579339325428009,False,True,False
118,5,166,0.6549851298332214,0.48959487676620483,True,True,True
119,5,182,0.587863564491272,0.5162015557289124,True,False,False
120,5,194,0.45524346828460693,0.4425130784511566,False,True,False
121,5,216,0.627217173576355,0.588805079460144,True,False,False
122,5,221,0.6133246421813965,0.5540719032287598,True,False,False
123,5,235,0.663593590259552,0.5291932821273804,True,False,False
124,5,261,0.41855525970458984,0.39292067289352417,False,True,False
125,5,289,0.6229447722434998,0.48579320311546326,True,True,True
126,5,338,0.47785985469818115,0.435302734375,False,True,False
127,5,355,0.642394483089447,0.5059837698936462,True,False,False
128,5,395,0.619099497795105,0.5780459642410278,True,False,False
129,5,431,0.5776543617248535,0.4661588668823242,True,True,True
130,5,528,0.7123637199401855,0.5466272830963135,True,False,False
131,5,548,0.6020252704620361,0.5236845016479492,True,False,False
132,5,570,0.6803398132324219,0.5408772826194763,True,False,False
133,5,658,0.5294218063354492,0.4667409360408783,True,True,True
134,5,677,0.49031490087509155,0.38065049052238464,False,True,False
135,5,678,0.6673792600631714,0.5762765407562256,True,False,False
136,5,746,0.6317550539970398,0.5905493497848511,True,False,False
137,5,751,0.6773859262466431,0.4638991057872772,True,True,True
138,5,840,0.5688194632530212,0.4273711144924164,True,True,True
139,5,887,0.7107495069503784,0.4909835159778595,True,True,True
140,5,917,0.6874957084655762,0.46040433645248413,True,True,True
141,5,944,0.5862166881561279,0.5749796628952026,True,False,False
142,5,953,0.5710073113441467,0.4509097933769226,True,True,True
143,5,993,0.6994048953056335,0.5446171760559082,True,False,False
144,5,998,0.6676038503646851,0.5243685245513916,True,False,False
145,6,1,0.60986328125,0.5345290899276733,True,False,False
146,6,89,0.43833598494529724,0.3569333553314209,False,True,False
147,6,166,0.7108762264251709,0.430345743894577,True,True,True
148,6,182,0.46137735247612,0.36942899227142334,False,True,False
149,6,194,0.4889533221721649,0.4636223316192627,False,True,False
150,6,216,0.5433168411254883,0.4648861289024353,True,True,True
151,6,221,0.6113452315330505,0.48877018690109253,True,True,True
152,6,235,0.6028081774711609,0.41715654730796814,True,True,True
153,6,261,0.5698848962783813,0.49893152713775635,True,True,True
154,6,289,0.6791382431983948,0.4756956696510315,True,True,True
155,6,338,0.4323083460330963,0.37168025970458984,False,True,False
156,6,355,0.6247351169586182,0.41040635108947754,True,True,True
157,6,395,0.5110198259353638,0.4362034201622009,True,True,True
158,6,431,0.6253660321235657,0.5062857270240784,True,False,False
159,6,528,0.7933326363563538,0.5467529892921448,True,False,False
160,6,548,0.5990223288536072,0.47749513387680054,True,True,True
161,6,570,0.6824354529380798,0.4460600018501282,True,True,True
162,6,658,0.5192713141441345,0.39830487966537476,True,True,True
163,6,677,0.6818029284477234,0.5632648468017578,True,False,False
164,6,678,0.7050943970680237,0.580784261226654,True,False,False
165,6,746,0.585746169090271,0.5184621214866638,True,False,False
166,6,751,0.7659341096878052,0.45727699995040894,True,True,True
167,6,840,0.5686141848564148,0.4060051739215851,True,True,True
168,6,887,0.7268962860107422,0.5121906399726868,True,False,False
169,6,917,0.6775710582733154,0.4576572775840759,True,True,True
170,6,944,0.4922955632209778,0.4741791784763336,False,True,False
171,6,953,0.5583397150039673,0.4204167425632477,True,True,True
172,6,993,0.6292952299118042,0.40350577235221863,True,True,True
173,6,998,0.737937331199646,0.48029786348342896,True,True,True
174,7,1,0.5339791774749756,0.4734659790992737,True,True,True
175,7,89,0.5547762513160706,0.489013671875,True,True,True
176,7,166,0.7084957361221313,0.5009772777557373,True,False,False
177,7,182,0.5189038515090942,0.4207661747932434,True,True,True
178,7,194,0.527636706829071,0.5041500926017761,True,False,False
179,7,216,0.4961364269256592,0.45669853687286377,False,True,False
180,7,221,0.6361086964607239,0.5649409294128418,True,False,False
181,7,235,0.6376087069511414,0.4764595925807953,True,True,True
182,7,261,0.42102932929992676,0.34291309118270874,False,True,False
183,7,289,0.5505104064941406,0.3621363639831543,True,True,True
184,7,338,0.5263504981994629,0.4744594693183899,True,True,True
185,7,355,0.6600747108459473,0.4880540370941162,True,True,True
186,7,395,0.6053459048271179,0.5458489656448364,True,False,False
187,7,431,0.578344464302063,0.4435444474220276,True,True,True
188,7,528,0.729943037033081,0.4895755648612976,True,True,True
189,7,548,0.5325319766998291,0.44134521484375,True,True,True
190,7,570,0.652123212814331,0.4861779808998108,True,True,True
191,7,658,0.5945687294006348,0.5097068548202515,True,False,False
192,7,677,0.5667349100112915,0.5084831714630127,True,False,False
193,7,678,0.5673579573631287,0.4113914668560028,True,True,True
194,7,746,0.7270346879959106,0.6551111936569214,True,False,False
195,7,751,0.7504129409790039,0.512677788734436,True,False,False
196,7,840,0.6360702514648438,0.46894899010658264,True,True,True
197,7,887,0.7400153875350952,0.5548233985900879,True,False,False
198,7,917,0.6758630871772766,0.45103245973587036,True,True,True
199,7,944,0.47097671031951904,0.4561888873577118,False,True,False
200,7,953,0.5226731896400452,0.38071775436401367,True,True,True
201,7,993,0.6996682286262512,0.5561006665229797,True,False,False
202,7,998,0.6892517805099487,0.5333253145217896,True,False,False
203,8,1,0.5096126794815063,0.449889600276947,True,True,True
204,8,89,0.5196691751480103,0.4597203731536865,True,True,True
205,8,166,0.7539584636688232,0.5802727937698364,True,False,False
206,8,182,0.6041884422302246,0.5186774730682373,True,False,False
207,8,194,0.5048823356628418,0.4795262813568115,True,True,True
208,8,216,0.5012546181678772,0.4623383581638336,True,True,True
209,8,221,0.7377094030380249,0.6731358766555786,True,False,False
210,8,235,0.6432678699493408,0.4489936828613281,True,True,True
211,8,261,0.5482627749443054,0.48914968967437744,True,True,True
212,8,289,0.5881444811820984,0.3858647048473358,True,True,True
213,8,338,0.5064831972122192,0.45480775833129883,True,True,True
214,8,355,0.657591700553894,0.4586300849914551,True,True,True
215,8,395,0.6511826515197754,0.5255160331726074,True,False,False
216,8,431,0.7256464958190918,0.5010218620300293,True,False,False
217,8,528,0.7491980195045471,0.4797510802745819,True,True,True
218,8,548,0.5629093647003174,0.45510610938072205,True,True,True
219,8,570,0.6133005023002625,0.45566245913505554,True,True,True
220,8,658,0.4641571044921875,0.40547481179237366,False,True,False
221,8,677,0.5888415575027466,0.4470658302307129,True,True,True
222,8,678,0.5599735379219055,0.41579148173332214,True,True,True
223,8,746,0.6358855962753296,0.5624330043792725,True,False,False
224,8,751,0.724207878112793,0.47291299700737,True,True,True
225,8,840,0.5956219434738159,0.461348295211792,True,True,True
226,8,887,0.7828235030174255,0.4565456509590149,True,True,True
227,8,917,0.763209342956543,0.4009011387825012,True,True,True
228,8,944,0.5191008448600769,0.49272122979164124,True,True,True
229,8,953,0.7209914922714233,0.5067739486694336,True,False,False
230,8,993,0.7037149667739868,0.5130776762962341,True,False,False
231,8,998,0.6804395914077759,0.4789104461669922,True,True,True
232,9,1,0.5220046639442444,0.4725053906440735,True,True,True
233,9,89,0.4972684383392334,0.4480409026145935,False,True,False
234,9,166,0.6505980491638184,0.4848807454109192,True,True,True
235,9,182,0.5311089754104614,0.45220181345939636,True,True,True
236,9,194,0.5367442965507507,0.5196371078491211,True,False,False
237,9,216,0.542227566242218,0.49276578426361084,True,True,True
238,9,221,0.6285604238510132,0.5389691591262817,True,False,False
239,9,235,0.6477293372154236,0.5045331120491028,True,False,False
240,9,261,0.5035268068313599,0.44637590646743774,True,True,True
241,9,289,0.5984980463981628,0.4347705543041229,True,True,True
242,9,338,0.5232093930244446,0.4941994845867157,True,True,True
243,9,355,0.6423343420028687,0.5094602108001709,True,False,False
244,9,395,0.5712018013000488,0.5198525786399841,True,False,False
245,9,431,0.5262928009033203,0.4250468611717224,True,True,True
246,9,528,0.7838501334190369,0.6021535992622375,True,False,False
247,9,548,0.5938370227813721,0.48912179470062256,True,True,True
248,9,570,0.6778254508972168,0.5357828140258789,True,False,False
249,9,658,0.5545040369033813,0.5245970487594604,True,False,False
250,9,677,0.6024760007858276,0.502031147480011,True,False,False
251,9,678,0.6003850102424622,0.5125404596328735,True,False,False
252,9,746,0.6987292766571045,0.661680281162262,True,False,False
253,9,751,0.7217187881469727,0.5051697492599487,True,False,False
254,9,840,0.6147029995918274,0.4935153126716614,True,True,True
255,9,887,0.7109378576278687,0.5357068777084351,True,False,False
256,9,917,0.6616616249084473,0.42873653769493103,True,True,True
257,9,944,0.560207724571228,0.547196626663208,True,False,False
258,9,953,0.5592930316925049,0.41731685400009155,True,True,True
259,9,993,0.6350141167640686,0.424272358417511,True,True,True
260,9,998,0.6342360377311707,0.43113332986831665,True,True,True
261,10,1,0.5288212299346924,0.4805923104286194,True,True,True
262,10,89,0.65152907371521,0.595032811164856,True,False,False
263,10,166,0.702616810798645,0.5177775621414185,True,False,False
264,10,182,0.5813237428665161,0.49171626567840576,True,True,True
265,10,194,0.5445990562438965,0.5365797281265259,True,False,False
266,10,216,0.5784278512001038,0.5249766111373901,True,False,False
267,10,221,0.6908189654350281,0.6117506623268127,True,False,False
268,10,235,0.6269345283508301,0.453724205493927,True,True,True
269,10,261,0.630760908126831,0.5767062902450562,True,False,False
270,10,289,0.6605231761932373,0.4961230158805847,True,True,True
271,10,338,0.527923047542572,0.4738779067993164,True,True,True
272,10,355,0.610572874546051,0.46139344573020935,True,True,True
273,10,395,0.5218954086303711,0.4933203458786011,True,True,True
274,10,431,0.5605287551879883,0.4978683590888977,True,True,True
275,10,528,0.8176405429840088,0.5842061042785645,True,False,False
276,10,548,0.6778556108474731,0.5699432492256165,True,False,False
277,10,570,0.6381843090057373,0.465343713760376,True,True,True
278,10,658,0.5921607613563538,0.5080226063728333,True,False,False
279,10,677,0.5947439074516296,0.5002132058143616,True,False,False
280,10,678,0.687096357345581,0.5674865245819092,True,False,False
281,10,746,0.6704310774803162,0.5643126368522644,True,False,False
282,10,751,0.7720695734024048,0.5183427333831787,True,False,False
283,10,840,0.6262656450271606,0.48193755745887756,True,True,True
284,10,887,0.5806185603141785,0.47814929485321045,True,True,True
285,10,917,0.6705760359764099,0.5072842240333557,True,False,False
286,10,944,0.5808915495872498,0.5520907640457153,True,False,False
287,10,953,0.4791867136955261,0.4151970446109772,False,True,False
288,10,993,0.6461985111236572,0.4677295386791229,True,True,True
289,10,998,0.6872342824935913,0.4952249825000763,True,True,True
