,credit_amount,duration,actual_bad_credit,p_bad,predicted_bad_credit,feature,old_value,new_value,relative_reduction,modified_p_bad,flip_found
289,1024,24,1,0.6869138479232788,1,duration,24.0,11.0,0.5416666666666666,0.4712705910205841,True
216,3104,18,0,0.545914888381958,1,duration,18.0,15.0,0.16666666666666666,0.4946889281272888,True
570,3234,24,1,0.6848335266113281,1,duration,24.0,11.0,0.5416666666666666,0.4934083819389343,True
887,15672,48,1,0.7164038419723511,1,credit_amount,15672.0,6269.0,0.5999872383869321,0.49281349778175354,True
678,2384,24,0,0.6390358805656433,1,duration,24.0,14.0,0.4166666666666667,0.4933624565601349,True
338,4169,24,0,0.5294193625450134,1,duration,24.0,22.0,0.08333333333333333,0.46890461444854736,True
11,4308,48,1,0.8232432007789612,1,,,,,,False
818,15857,36,0,0.7804068326950073,1,,,,,,False
831,1216,18,1,0.7881336212158203,1,,,,,,False
739,4280,30,1,0.6417856216430664,1,,,,,,False
1,5951,48,1,0.543003499507904,1,duration,48.0,42.0,0.125,0.4922487437725067,True
166,1131,18,1,0.7051362991333008,1,duration,18.0,8.0,0.5555555555555556,0.46857595443725586,True
199,4297,18,1,0.5854323506355286,1,,,,,,False
840,5179,36,1,0.6201746463775635,1,duration,36.0,22.0,0.3888888888888889,0.4749131500720978,True
853,1442,18,1,0.7935900092124939,1,,,,,,False
431,11328,24,1,0.6460965871810913,1,credit_amount,11328.0,6797.0,0.3999823446327684,0.48736563324928284,True
915,18424,48,1,0.7266957759857178,1,,,,,,False
141,4795,36,0,0.7324007153511047,1,,,,,,False
944,1845,15,0,0.5121796727180481,1,duration,15.0,13.0,0.13333333333333333,0.4950105547904968,True
235,1823,24,1,0.6555992364883423,1,duration,24.0,11.0,0.5416666666666666,0.4399007558822632,True
528,2302,36,1,0.7559778690338135,1,duration,36.0,15.0,0.5833333333333334,0.48457270860671997,True
548,626,12,1,0.5995708703994751,1,duration,12.0,8.0,0.3333333333333333,0.4642346203327179,True
938,6288,60,1,0.7339749932289124,1,,,,,,False
832,11816,45,1,0.805751383304596,1,,,,,,False
658,4221,30,0,0.5573529601097107,1,duration,30.0,15.0,0.5,0.4855368733406067,True
89,1108,12,1,0.5238804221153259,1,duration,12.0,11.0,0.08333333333333333,0.45851314067840576,True
194,3031,45,1,0.5119788646697998,1,duration,45.0,40.0,0.1111111111111111,0.49634867906570435,True
257,2149,12,1,0.6496378779411316,1,,,,,,False
395,11760,39,0,0.5633102655410767,1,credit_amount,11760.0,9408.0,0.2,0.4960990250110626,True
221,1200,12,0,0.6007498502731323,1,duration,12.0,7.0,0.4166666666666667,0.4993896484375,True
751,976,18,1,0.7330114841461182,1,duration,18.0,4.0,0.7777777777777778,0.4390694797039032,True
953,10974,36,1,0.620501697063446,1,credit_amount,10974.0,2744.0,0.7499544377619829,0.4983351230621338,True
746,2511,15,0,0.5747413635253906,1,duration,15.0,11.0,0.26666666666666666,0.4913010001182556,True
375,7685,48,1,0.7088847756385803,1,,,,,,False
998,1845,45,1,0.6847567558288574,1,duration,45.0,15.0,0.6666666666666666,0.4565716087818146,True
353,6199,12,1,0.6265453696250916,1,,,,,,False
182,1647,21,1,0.5816495418548584,1,duration,21.0,13.0,0.38095238095238093,0.4955689609050751,True
993,3959,36,0,0.6787934303283691,1,duration,36.0,15.0,0.5833333333333334,0.45936697721481323,True
788,6224,48,1,0.6643046736717224,1,,,,,,False
261,1603,24,0,0.5016025900840759,1,duration,24.0,22.0,0.08333333333333333,0.45278802514076233,True
229,3149,24,0,0.7134007811546326,1,,,,,,False
917,14896,6,1,0.7458231449127197,1,credit_amount,14896.0,3724.0,0.75,0.45554062724113464,True
677,5595,72,1,0.5684385299682617,1,duration,72.0,47.0,0.3472222222222222,0.4727013111114502,True
355,1246,24,1,0.6682714819908142,1,duration,24.0,11.0,0.5416666666666666,0.4786856174468994,True
522,7119,48,1,0.8143057823181152,1,,,,,,False
